"Variety","Regimem","Day","Night","Fertilizer","Flowers"
"2","5",14,20,"1",12
"2","5",14,20,"1",8
"2","5",14,20,"1",8
"2","5",14,20,"1",6
"2","5",14,20,"1",7
"2","5",14,20,"1",12
"2","5",14,20,"1",10
"2","5",14,20,"1",7
"2","5",14,20,"1",6
"2","5",14,20,"1",8
"1","5",14,20,"1",8
"1","5",14,20,"1",12
"1","5",14,20,"1",8
"1","5",14,20,"1",11
"1","5",14,20,"1",7
"1","5",14,20,"1",9
"1","5",14,20,"1",7
"1","5",14,20,"1",7
"1","5",14,20,"1",10
"1","5",14,20,"1",10
"2","5",14,20,"4",6
"2","5",14,20,"4",8
"2","5",14,20,"4",7
"2","5",14,20,"4",9
"2","5",14,20,"4",6
"2","5",14,20,"4",10
"2","5",14,20,"4",7
"2","5",14,20,"4",7
"2","5",14,20,"4",8
"2","5",14,20,"4",9
"1","5",14,20,"2",9
"1","5",14,20,"2",12
"1","5",14,20,"2",8
"1","5",14,20,"2",7
"1","5",14,20,"2",10
"1","5",14,20,"2",10
"1","5",14,20,"2",8
"1","5",14,20,"2",8
"1","5",14,20,"2",6
"1","5",14,20,"2",10
"1","5",14,20,"4",12
"1","5",14,20,"4",9
"1","5",14,20,"4",8
"1","5",14,20,"4",7
"1","5",14,20,"4",9
"1","5",14,20,"4",12
"1","5",14,20,"4",11
"1","5",14,20,"4",9
"1","5",14,20,"4",9
"1","5",14,20,"4",7
"2","5",14,20,"2",11
"2","5",14,20,"2",8
"2","5",14,20,"2",11
"2","5",14,20,"2",8
"2","5",14,20,"2",9
"2","5",14,20,"2",5
"2","5",14,20,"2",9
"2","5",14,20,"2",12
"2","5",14,20,"2",5
"2","5",14,20,"2",7
"2","5",14,20,"3",10
"2","5",14,20,"3",8
"2","5",14,20,"3",10
"2","5",14,20,"3",13
"2","5",14,20,"3",5
"2","5",14,20,"3",12
"2","5",14,20,"3",8
"2","5",14,20,"3",8
"2","5",14,20,"3",9
"2","5",14,20,"3",9
"1","5",14,20,"3",10
"1","5",14,20,"3",6
"1","5",14,20,"3",10
"1","5",14,20,"3",7
"1","5",14,20,"3",10
"1","5",14,20,"3",7
"1","5",14,20,"3",8
"1","5",14,20,"3",7
"1","5",14,20,"3",10
"1","5",14,20,"3",9
"3","5",14,20,"4",6
"3","5",14,20,"4",7
"3","5",14,20,"4",4
"3","5",14,20,"4",10
"3","5",14,20,"4",8
"3","5",14,20,"4",8
"3","5",14,20,"4",9
"3","5",14,20,"4",7
"3","5",14,20,"4",11
"3","5",14,20,"4",8
"4","5",14,20,"4",7
"4","5",14,20,"4",8
"4","5",14,20,"4",12
"4","5",14,20,"4",6
"4","5",14,20,"4",9
"4","5",14,20,"4",9
"4","5",14,20,"4",6
"4","5",14,20,"4",8
"4","5",14,20,"4",15
"4","5",14,20,"4",8
"4","5",14,20,"2",8
"4","5",14,20,"2",9
"4","5",14,20,"2",8
"4","5",14,20,"2",9
"4","5",14,20,"2",7
"4","5",14,20,"2",5
"4","5",14,20,"2",9
"4","5",14,20,"2",7
"4","5",14,20,"2",7
"4","5",14,20,"2",7
"3","5",14,20,"3",4
"3","5",14,20,"3",10
"3","5",14,20,"3",11
"3","5",14,20,"3",7
"3","5",14,20,"3",7
"3","5",14,20,"3",13
"3","5",14,20,"3",10
"3","5",14,20,"3",11
"3","5",14,20,"3",6
"3","5",14,20,"3",5
"4","5",14,20,"3",10
"4","5",14,20,"3",6
"4","5",14,20,"3",8
"4","5",14,20,"3",10
"4","5",14,20,"3",15
"4","5",14,20,"3",11
"4","5",14,20,"3",10
"4","5",14,20,"3",9
"4","5",14,20,"3",11
"4","5",14,20,"3",6
"3","5",14,20,"2",11
"3","5",14,20,"2",7
"3","5",14,20,"2",6
"3","5",14,20,"2",9
"3","5",14,20,"2",9
"3","5",14,20,"2",10
"3","5",14,20,"2",11
"3","5",14,20,"2",12
"3","5",14,20,"2",12
"3","5",14,20,"2",8
"4","5",14,20,"1",10
"4","5",14,20,"1",6
"4","5",14,20,"1",12
"4","5",14,20,"1",6
"4","5",14,20,"1",9
"4","5",14,20,"1",11
"4","5",14,20,"1",13
"4","5",14,20,"1",8
"4","5",14,20,"1",10
"4","5",14,20,"1",7
"3","5",14,20,"1",8
"3","5",14,20,"1",11
"3","5",14,20,"1",16
"3","5",14,20,"1",6
"3","5",14,20,"1",9
"3","5",14,20,"1",8
"3","5",14,20,"1",8
"3","5",14,20,"1",13
"3","5",14,20,"1",9
"3","5",14,20,"1",10
"1","5",14,20,"4",6
"1","5",14,20,"4",7
"1","5",14,20,"4",13
"1","5",14,20,"4",11
"1","5",14,20,"4",8
"1","5",14,20,"4",12
"1","5",14,20,"4",11
"1","5",14,20,"4",9
"1","5",14,20,"4",12
"1","5",14,20,"4",8
"1","5",14,20,"2",7
"1","5",14,20,"2",11
"1","5",14,20,"2",9
"1","5",14,20,"2",10
"1","5",14,20,"2",9
"1","5",14,20,"2",8
"1","5",14,20,"2",7
"1","5",14,20,"2",6
"1","5",14,20,"2",11
"1","5",14,20,"2",10
"2","5",14,20,"4",7
"2","5",14,20,"4",8
"2","5",14,20,"4",7
"2","5",14,20,"4",9
"2","5",14,20,"4",8
"2","5",14,20,"4",8
"2","5",14,20,"4",11
"2","5",14,20,"4",7
"2","5",14,20,"4",7
"2","5",14,20,"4",11
"2","5",14,20,"3",6
"2","5",14,20,"3",10
"2","5",14,20,"3",10
"2","5",14,20,"3",8
"2","5",14,20,"3",8
"2","5",14,20,"3",10
"2","5",14,20,"3",6
"2","5",14,20,"3",7
"2","5",14,20,"3",7
"2","5",14,20,"3",7
"1","5",14,20,"3",8
"1","5",14,20,"3",10
"1","5",14,20,"3",12
"1","5",14,20,"3",6
"1","5",14,20,"3",10
"1","5",14,20,"3",9
"1","5",14,20,"3",9
"1","5",14,20,"3",11
"1","5",14,20,"3",7
"1","5",14,20,"3",10
"2","5",14,20,"2",11
"2","5",14,20,"2",7
"2","5",14,20,"2",8
"2","5",14,20,"2",13
"2","5",14,20,"2",13
"2","5",14,20,"2",12
"2","5",14,20,"2",12
"2","5",14,20,"2",9
"2","5",14,20,"2",6
"2","5",14,20,"2",9
"4","5",14,20,"1",13
"4","5",14,20,"1",7
"4","5",14,20,"1",6
"4","5",14,20,"1",5
"4","5",14,20,"1",12
"4","5",14,20,"1",7
"4","5",14,20,"1",12
"4","5",14,20,"1",8
"4","5",14,20,"1",13
"4","5",14,20,"1",7
"3","5",14,20,"1",9
"3","5",14,20,"1",5
"3","5",14,20,"1",10
"3","5",14,20,"1",14
"3","5",14,20,"1",9
"3","5",14,20,"1",8
"3","5",14,20,"1",5
"3","5",14,20,"1",8
"3","5",14,20,"1",7
"3","5",14,20,"1",10
"3","5",14,20,"4",12
"3","5",14,20,"4",7
"3","5",14,20,"4",7
"3","5",14,20,"4",7
"3","5",14,20,"4",7
"3","5",14,20,"4",11
"3","5",14,20,"4",7
"3","5",14,20,"4",11
"3","5",14,20,"4",13
"3","5",14,20,"4",12
"3","5",14,20,"3",7
"3","5",14,20,"3",6
"3","5",14,20,"3",8
"3","5",14,20,"3",11
"3","5",14,20,"3",10
"3","5",14,20,"3",8
"3","5",14,20,"3",11
"3","5",14,20,"3",12
"3","5",14,20,"3",14
"3","5",14,20,"3",12
"3","5",14,20,"2",15
"3","5",14,20,"2",12
"3","5",14,20,"2",13
"3","5",14,20,"2",6
"3","5",14,20,"2",8
"3","5",14,20,"2",11
"3","5",14,20,"2",7
"3","5",14,20,"2",13
"3","5",14,20,"2",10
"3","5",14,20,"2",10
"4","5",14,20,"3",16
"4","5",14,20,"3",12
"4","5",14,20,"3",12
"4","5",14,20,"3",9
"4","5",14,20,"3",6
"4","5",14,20,"3",8
"4","5",14,20,"3",8
"4","5",14,20,"3",9
"4","5",14,20,"3",7
"4","5",14,20,"3",7
"4","5",14,20,"2",7
"4","5",14,20,"2",12
"4","5",14,20,"2",6
"4","5",14,20,"2",8
"4","5",14,20,"2",9
"4","5",14,20,"2",9
"4","5",14,20,"2",10
"4","5",14,20,"2",10
"4","5",14,20,"2",7
"4","5",14,20,"2",7
"4","5",14,20,"4",7
"4","5",14,20,"4",11
"4","5",14,20,"4",7
"4","5",14,20,"4",10
"4","5",14,20,"4",7
"4","5",14,20,"4",10
"4","5",14,20,"4",19
"4","5",14,20,"4",6
"4","5",14,20,"4",7
"4","5",14,20,"4",10
"2","5",14,20,"1",11
"2","5",14,20,"1",6
"2","5",14,20,"1",11
"2","5",14,20,"1",5
"2","5",14,20,"1",13
"2","5",14,20,"1",10
"2","5",14,20,"1",7
"2","5",14,20,"1",7
"2","5",14,20,"1",8
"2","5",14,20,"1",12
"1","5",14,20,"1",10
"1","5",14,20,"1",11
"1","5",14,20,"1",11
"1","5",14,20,"1",9
"1","5",14,20,"1",9
"1","5",14,20,"1",12
"1","5",14,20,"1",11
"1","5",14,20,"1",6
"1","5",14,20,"1",8
"1","5",14,20,"1",8
"1","4",20,20,"1",12
"1","4",20,20,"1",7
"1","4",20,20,"1",14
"1","4",20,20,"1",15
"1","4",20,20,"1",6
"1","4",20,20,"1",7
"1","4",20,20,"1",5
"1","4",20,20,"1",12
"1","4",20,20,"1",9
"1","4",20,20,"1",11
"2","4",20,20,"1",6
"2","4",20,20,"1",6
"2","4",20,20,"1",8
"2","4",20,20,"1",6
"2","4",20,20,"1",8
"2","4",20,20,"1",6
"2","4",20,20,"1",11
"2","4",20,20,"1",6
"2","4",20,20,"1",8
"2","4",20,20,"1",9
"3","4",20,20,"1",10
"3","4",20,20,"1",8
"3","4",20,20,"1",5
"3","4",20,20,"1",5
"3","4",20,20,"1",11
"3","4",20,20,"1",9
"3","4",20,20,"1",10
"3","4",20,20,"1",8
"3","4",20,20,"1",9
"3","4",20,20,"1",8
"4","4",20,20,"1",7
"4","4",20,20,"1",9
"4","4",20,20,"1",8
"4","4",20,20,"1",8
"4","4",20,20,"1",6
"4","4",20,20,"1",7
"4","4",20,20,"1",8
"4","4",20,20,"1",12
"4","4",20,20,"1",6
"4","4",20,20,"1",7
"3","4",20,20,"3",5
"3","4",20,20,"3",8
"3","4",20,20,"3",8
"3","4",20,20,"3",7
"3","4",20,20,"3",10
"3","4",20,20,"3",9
"3","4",20,20,"3",6
"3","4",20,20,"3",11
"3","4",20,20,"3",11
"3","4",20,20,"3",10
"3","4",20,20,"2",10
"3","4",20,20,"2",9
"3","4",20,20,"2",6
"3","4",20,20,"2",10
"3","4",20,20,"2",13
"3","4",20,20,"2",12
"3","4",20,20,"2",13
"3","4",20,20,"2",7
"3","4",20,20,"2",10
"3","4",20,20,"2",10
"4","4",20,20,"4",10
"4","4",20,20,"4",5
"4","4",20,20,"4",9
"4","4",20,20,"4",9
"4","4",20,20,"4",7
"4","4",20,20,"4",10
"4","4",20,20,"4",6
"4","4",20,20,"4",5
"4","4",20,20,"4",8
"4","4",20,20,"4",11
"4","4",20,20,"3",9
"4","4",20,20,"3",7
"4","4",20,20,"3",8
"4","4",20,20,"3",13
"4","4",20,20,"3",8
"4","4",20,20,"3",11
"4","4",20,20,"3",7
"4","4",20,20,"3",7
"4","4",20,20,"3",9
"4","4",20,20,"3",11
"4","4",20,20,"2",8
"4","4",20,20,"2",6
"4","4",20,20,"2",8
"4","4",20,20,"2",17
"4","4",20,20,"2",7
"4","4",20,20,"2",11
"4","4",20,20,"2",6
"4","4",20,20,"2",10
"4","4",20,20,"2",10
"4","4",20,20,"2",11
"3","4",20,20,"4",6
"3","4",20,20,"4",8
"3","4",20,20,"4",9
"3","4",20,20,"4",7
"3","4",20,20,"4",7
"3","4",20,20,"4",5
"3","4",20,20,"4",10
"3","4",20,20,"4",8
"3","4",20,20,"4",7
"3","4",20,20,"4",7
"1","4",20,20,"3",13
"1","4",20,20,"3",6
"1","4",20,20,"3",7
"1","4",20,20,"3",6
"1","4",20,20,"3",6
"1","4",20,20,"3",6
"1","4",20,20,"3",11
"1","4",20,20,"3",8
"1","4",20,20,"3",12
"1","4",20,20,"3",8
"1","4",20,20,"2",9
"1","4",20,20,"2",9
"1","4",20,20,"2",7
"1","4",20,20,"2",10
"1","4",20,20,"2",7
"1","4",20,20,"2",7
"1","4",20,20,"2",6
"1","4",20,20,"2",6
"1","4",20,20,"2",6
"1","4",20,20,"2",8
"2","4",20,20,"3",5
"2","4",20,20,"3",12
"2","4",20,20,"3",7
"2","4",20,20,"3",6
"2","4",20,20,"3",6
"2","4",20,20,"3",5
"2","4",20,20,"3",6
"2","4",20,20,"3",6
"2","4",20,20,"3",5
"2","4",20,20,"3",6
"2","4",20,20,"4",6
"2","4",20,20,"4",10
"2","4",20,20,"4",8
"2","4",20,20,"4",8
"2","4",20,20,"4",6
"2","4",20,20,"4",7
"2","4",20,20,"4",8
"2","4",20,20,"4",6
"2","4",20,20,"4",7
"2","4",20,20,"4",8
"2","4",20,20,"2",7
"2","4",20,20,"2",8
"2","4",20,20,"2",4
"2","4",20,20,"2",8
"2","4",20,20,"2",7
"2","4",20,20,"2",10
"2","4",20,20,"2",10
"2","4",20,20,"2",5
"2","4",20,20,"2",10
"2","4",20,20,"2",6
"1","4",20,20,"4",8
"1","4",20,20,"4",9
"1","4",20,20,"4",9
"1","4",20,20,"4",10
"1","4",20,20,"4",10
"1","4",20,20,"4",7
"1","4",20,20,"4",9
"1","4",20,20,"4",8
"1","4",20,20,"4",7
"1","4",20,20,"4",14
"3","4",20,20,"2",7
"3","4",20,20,"2",6
"3","4",20,20,"2",5
"3","4",20,20,"2",16
"3","4",20,20,"2",9
"3","4",20,20,"2",7
"3","4",20,20,"2",6
"3","4",20,20,"2",5
"3","4",20,20,"2",10
"3","4",20,20,"2",8
"3","4",20,20,"3",9
"3","4",20,20,"3",9
"3","4",20,20,"3",9
"3","4",20,20,"3",7
"3","4",20,20,"3",9
"3","4",20,20,"3",8
"3","4",20,20,"3",9
"3","4",20,20,"3",5
"3","4",20,20,"3",10
"3","4",20,20,"3",5
"4","4",20,20,"4",8
"4","4",20,20,"4",9
"4","4",20,20,"4",6
"4","4",20,20,"4",9
"4","4",20,20,"4",10
"4","4",20,20,"4",6
"4","4",20,20,"4",8
"4","4",20,20,"4",10
"4","4",20,20,"4",7
"4","4",20,20,"4",8
"3","4",20,20,"4",8
"3","4",20,20,"4",7
"3","4",20,20,"4",5
"3","4",20,20,"4",7
"3","4",20,20,"4",5
"3","4",20,20,"4",6
"3","4",20,20,"4",7
"3","4",20,20,"4",10
"3","4",20,20,"4",9
"3","4",20,20,"4",7
"4","4",20,20,"3",9
"4","4",20,20,"3",4
"4","4",20,20,"3",12
"4","4",20,20,"3",7
"4","4",20,20,"3",8
"4","4",20,20,"3",6
"4","4",20,20,"3",7
"4","4",20,20,"3",13
"4","4",20,20,"3",5
"4","4",20,20,"3",9
"4","4",20,20,"2",6
"4","4",20,20,"2",8
"4","4",20,20,"2",8
"4","4",20,20,"2",7
"4","4",20,20,"2",8
"4","4",20,20,"2",7
"4","4",20,20,"2",8
"4","4",20,20,"2",12
"4","4",20,20,"2",8
"4","4",20,20,"2",10
"2","4",20,20,"1",8
"2","4",20,20,"1",6
"2","4",20,20,"1",6
"2","4",20,20,"1",8
"2","4",20,20,"1",6
"2","4",20,20,"1",13
"2","4",20,20,"1",7
"2","4",20,20,"1",10
"2","4",20,20,"1",6
"2","4",20,20,"1",6
"1","4",20,20,"1",10
"1","4",20,20,"1",10
"1","4",20,20,"1",9
"1","4",20,20,"1",6
"1","4",20,20,"1",8
"1","4",20,20,"1",7
"1","4",20,20,"1",5
"1","4",20,20,"1",9
"1","4",20,20,"1",10
"1","4",20,20,"1",9
"4","4",20,20,"1",7
"4","4",20,20,"1",10
"4","4",20,20,"1",9
"4","4",20,20,"1",4
"4","4",20,20,"1",7
"4","4",20,20,"1",9
"4","4",20,20,"1",9
"4","4",20,20,"1",6
"4","4",20,20,"1",5
"4","4",20,20,"1",7
"3","4",20,20,"1",7
"3","4",20,20,"1",6
"3","4",20,20,"1",7
"3","4",20,20,"1",8
"3","4",20,20,"1",8
"3","4",20,20,"1",9
"3","4",20,20,"1",9
"3","4",20,20,"1",9
"3","4",20,20,"1",4
"3","4",20,20,"1",12
"1","4",20,20,"4",11
"1","4",20,20,"4",7
"1","4",20,20,"4",9
"1","4",20,20,"4",11
"1","4",20,20,"4",6
"1","4",20,20,"4",8
"1","4",20,20,"4",8
"1","4",20,20,"4",9
"1","4",20,20,"4",8
"1","4",20,20,"4",10
"2","4",20,20,"3",8
"2","4",20,20,"3",7
"2","4",20,20,"3",7
"2","4",20,20,"3",7
"2","4",20,20,"3",6
"2","4",20,20,"3",7
"2","4",20,20,"3",6
"2","4",20,20,"3",6
"2","4",20,20,"3",8
"2","4",20,20,"3",7
"1","4",20,20,"2",7
"1","4",20,20,"2",10
"1","4",20,20,"2",10
"1","4",20,20,"2",9
"1","4",20,20,"2",9
"1","4",20,20,"2",7
"1","4",20,20,"2",8
"1","4",20,20,"2",9
"1","4",20,20,"2",10
"1","4",20,20,"2",6
"1","4",20,20,"3",9
"1","4",20,20,"3",6
"1","4",20,20,"3",9
"1","4",20,20,"3",7
"1","4",20,20,"3",5
"1","4",20,20,"3",9
"1","4",20,20,"3",14
"1","4",20,20,"3",8
"1","4",20,20,"3",8
"1","4",20,20,"3",8
"2","4",20,20,"2",8
"2","4",20,20,"2",6
"2","4",20,20,"2",7
"2","4",20,20,"2",8
"2","4",20,20,"2",5
"2","4",20,20,"2",8
"2","4",20,20,"2",6
"2","4",20,20,"2",7
"2","4",20,20,"2",8
"2","4",20,20,"2",7
"2","4",20,20,"4",7
"2","4",20,20,"4",6
"2","4",20,20,"4",10
"2","4",20,20,"4",8
"2","4",20,20,"4",6
"2","4",20,20,"4",7
"2","4",20,20,"4",10
"2","4",20,20,"4",11
"2","4",20,20,"4",5
"2","4",20,20,"4",6
"1","1",14,14,"2",9
"1","1",14,14,"2",9
"1","1",14,14,"2",8
"1","1",14,14,"2",10
"1","1",14,14,"2",13
"1","1",14,14,"2",7
"1","1",14,14,"2",13
"1","1",14,14,"2",10
"1","1",14,14,"2",11
"1","1",14,14,"2",7
"2","1",14,14,"4",9
"2","1",14,14,"4",6
"2","1",14,14,"4",8
"2","1",14,14,"4",9
"2","1",14,14,"4",10
"2","1",14,14,"4",9
"2","1",14,14,"4",19
"2","1",14,14,"4",6
"2","1",14,14,"4",8
"2","1",14,14,"4",8
"1","1",14,14,"4",10
"1","1",14,14,"4",7
"1","1",14,14,"4",8
"1","1",14,14,"4",14
"1","1",14,14,"4",13
"1","1",14,14,"4",10
"1","1",14,14,"4",9
"1","1",14,14,"4",12
"1","1",14,14,"4",8
"1","1",14,14,"4",12
"2","1",14,14,"3",9
"2","1",14,14,"3",7
"2","1",14,14,"3",6
"2","1",14,14,"3",9
"2","1",14,14,"3",11
"2","1",14,14,"3",10
"2","1",14,14,"3",6
"2","1",14,14,"3",8
"2","1",14,14,"3",8
"2","1",14,14,"3",11
"1","1",14,14,"3",9
"1","1",14,14,"3",13
"1","1",14,14,"3",13
"1","1",14,14,"3",11
"1","1",14,14,"3",15
"1","1",14,14,"3",12
"1","1",14,14,"3",10
"1","1",14,14,"3",9
"1","1",14,14,"3",6
"1","1",14,14,"3",5
"2","1",14,14,"2",10
"2","1",14,14,"2",8
"2","1",14,14,"2",5
"2","1",14,14,"2",7
"2","1",14,14,"2",9
"2","1",14,14,"2",10
"2","1",14,14,"2",9
"2","1",14,14,"2",9
"2","1",14,14,"2",7
"2","1",14,14,"2",7
"2","1",14,14,"1",5
"2","1",14,14,"1",10
"2","1",14,14,"1",8
"2","1",14,14,"1",9
"2","1",14,14,"1",6
"2","1",14,14,"1",7
"2","1",14,14,"1",6
"2","1",14,14,"1",8
"2","1",14,14,"1",7
"2","1",14,14,"1",9
"1","1",14,14,"1",9
"1","1",14,14,"1",7
"1","1",14,14,"1",10
"1","1",14,14,"1",12
"1","1",14,14,"1",11
"1","1",14,14,"1",8
"1","1",14,14,"1",10
"1","1",14,14,"1",12
"1","1",14,14,"1",9
"1","1",14,14,"1",9
"4","1",14,14,"1",9
"4","1",14,14,"1",14
"4","1",14,14,"1",11
"4","1",14,14,"1",11
"4","1",14,14,"1",10
"4","1",14,14,"1",10
"4","1",14,14,"1",14
"4","1",14,14,"1",11
"4","1",14,14,"1",8
"4","1",14,14,"1",12
"3","1",14,14,"1",8
"3","1",14,14,"1",7
"3","1",14,14,"1",15
"3","1",14,14,"1",15
"3","1",14,14,"1",10
"3","1",14,14,"1",11
"3","1",14,14,"1",10
"3","1",14,14,"1",11
"3","1",14,14,"1",6
"3","1",14,14,"1",8
"3","1",14,14,"4",6
"3","1",14,14,"4",12
"3","1",14,14,"4",15
"3","1",14,14,"4",8
"3","1",14,14,"4",6
"3","1",14,14,"4",11
"3","1",14,14,"4",12
"3","1",14,14,"4",13
"3","1",14,14,"4",12
"3","1",14,14,"4",10
"4","1",14,14,"2",10
"4","1",14,14,"2",10
"4","1",14,14,"2",10
"4","1",14,14,"2",6
"4","1",14,14,"2",7
"4","1",14,14,"2",11
"4","1",14,14,"2",21
"4","1",14,14,"2",8
"4","1",14,14,"2",10
"4","1",14,14,"2",9
"3","1",14,14,"2",6
"3","1",14,14,"2",8
"3","1",14,14,"2",9
"3","1",14,14,"2",8
"3","1",14,14,"2",6
"3","1",14,14,"2",11
"3","1",14,14,"2",11
"3","1",14,14,"2",15
"3","1",14,14,"2",9
"3","1",14,14,"2",9
"3","1",14,14,"3",10
"3","1",14,14,"3",11
"3","1",14,14,"3",14
"3","1",14,14,"3",12
"3","1",14,14,"3",12
"3","1",14,14,"3",10
"3","1",14,14,"3",9
"3","1",14,14,"3",12
"3","1",14,14,"3",8
"3","1",14,14,"3",10
"4","1",14,14,"4",5
"4","1",14,14,"4",9
"4","1",14,14,"4",8
"4","1",14,14,"4",7
"4","1",14,14,"4",10
"4","1",14,14,"4",8
"4","1",14,14,"4",11
"4","1",14,14,"4",7
"4","1",14,14,"4",8
"4","1",14,14,"4",10
"4","1",14,14,"3",8
"4","1",14,14,"3",9
"4","1",14,14,"3",8
"4","1",14,14,"3",11
"4","1",14,14,"3",5
"4","1",14,14,"3",9
"4","1",14,14,"3",11
"4","1",14,14,"3",6
"4","1",14,14,"3",6
"4","1",14,14,"3",7
"2","1",14,14,"3",9
"2","1",14,14,"3",9
"2","1",14,14,"3",12
"2","1",14,14,"3",7
"2","1",14,14,"3",11
"2","1",14,14,"3",11
"2","1",14,14,"3",12
"2","1",14,14,"3",11
"2","1",14,14,"3",10
"2","1",14,14,"3",9
"1","1",14,14,"2",11
"1","1",14,14,"2",8
"1","1",14,14,"2",12
"1","1",14,14,"2",7
"1","1",14,14,"2",11
"1","1",14,14,"2",7
"1","1",14,14,"2",11
"1","1",14,14,"2",15
"1","1",14,14,"2",15
"1","1",14,14,"2",8
"1","1",14,14,"3",14
"1","1",14,14,"3",13
"1","1",14,14,"3",11
"1","1",14,14,"3",8
"1","1",14,14,"3",10
"1","1",14,14,"3",12
"1","1",14,14,"3",13
"1","1",14,14,"3",10
"1","1",14,14,"3",9
"1","1",14,14,"3",7
"2","1",14,14,"2",9
"2","1",14,14,"2",11
"2","1",14,14,"2",12
"2","1",14,14,"2",6
"2","1",14,14,"2",10
"2","1",14,14,"2",9
"2","1",14,14,"2",11
"2","1",14,14,"2",17
"2","1",14,14,"2",12
"2","1",14,14,"2",7
"1","1",14,14,"4",10
"1","1",14,14,"4",14
"1","1",14,14,"4",19
"1","1",14,14,"4",12
"1","1",14,14,"4",10
"1","1",14,14,"4",8
"1","1",14,14,"4",12
"1","1",14,14,"4",15
"1","1",14,14,"4",7
"1","1",14,14,"4",15
"2","1",14,14,"4",10
"2","1",14,14,"4",10
"2","1",14,14,"4",7
"2","1",14,14,"4",6
"2","1",14,14,"4",12
"2","1",14,14,"4",10
"2","1",14,14,"4",8
"2","1",14,14,"4",10
"2","1",14,14,"4",12
"2","1",14,14,"4",11
"3","1",14,14,"1",9
"3","1",14,14,"1",9
"3","1",14,14,"1",26
"3","1",14,14,"1",10
"3","1",14,14,"1",6
"3","1",14,14,"1",6
"3","1",14,14,"1",8
"3","1",14,14,"1",12
"3","1",14,14,"1",16
"3","1",14,14,"1",15
"4","1",14,14,"1",13
"4","1",14,14,"1",8
"4","1",14,14,"1",10
"4","1",14,14,"1",8
"4","1",14,14,"1",6
"4","1",14,14,"1",11
"4","1",14,14,"1",9
"4","1",14,14,"1",8
"4","1",14,14,"1",8
"4","1",14,14,"1",7
"3","1",14,14,"3",9
"3","1",14,14,"3",10
"3","1",14,14,"3",7
"3","1",14,14,"3",11
"3","1",14,14,"3",13
"3","1",14,14,"3",6
"3","1",14,14,"3",7
"3","1",14,14,"3",9
"3","1",14,14,"3",10
"3","1",14,14,"3",9
"4","1",14,14,"4",7
"4","1",14,14,"4",6
"4","1",14,14,"4",6
"4","1",14,14,"4",7
"4","1",14,14,"4",9
"4","1",14,14,"4",9
"4","1",14,14,"4",8
"4","1",14,14,"4",7
"4","1",14,14,"4",7
"4","1",14,14,"4",5
"4","1",14,14,"3",13
"4","1",14,14,"3",7
"4","1",14,14,"3",7
"4","1",14,14,"3",8
"4","1",14,14,"3",11
"4","1",14,14,"3",11
"4","1",14,14,"3",5
"4","1",14,14,"3",6
"4","1",14,14,"3",8
"4","1",14,14,"3",12
"4","1",14,14,"2",10
"4","1",14,14,"2",10
"4","1",14,14,"2",9
"4","1",14,14,"2",10
"4","1",14,14,"2",7
"4","1",14,14,"2",11
"4","1",14,14,"2",10
"4","1",14,14,"2",10
"4","1",14,14,"2",10
"4","1",14,14,"2",10
"3","1",14,14,"4",9
"3","1",14,14,"4",7
"3","1",14,14,"4",9
"3","1",14,14,"4",9
"3","1",14,14,"4",11
"3","1",14,14,"4",11
"3","1",14,14,"4",10
"3","1",14,14,"4",11
"3","1",14,14,"4",13
"3","1",14,14,"4",12
"3","1",14,14,"2",17
"3","1",14,14,"2",15
"3","1",14,14,"2",11
"3","1",14,14,"2",10
"3","1",14,14,"2",11
"3","1",14,14,"2",10
"3","1",14,14,"2",9
"3","1",14,14,"2",11
"3","1",14,14,"2",10
"3","1",14,14,"2",8
"1","1",14,14,"1",14
"1","1",14,14,"1",8
"1","1",14,14,"1",7
"1","1",14,14,"1",13
"1","1",14,14,"1",14
"1","1",14,14,"1",13
"1","1",14,14,"1",8
"1","1",14,14,"1",15
"1","1",14,14,"1",13
"1","1",14,14,"1",14
"2","1",14,14,"1",10
"2","1",14,14,"1",9
"2","1",14,14,"1",8
"2","1",14,14,"1",10
"2","1",14,14,"1",6
"2","1",14,14,"1",10
"2","1",14,14,"1",6
"2","1",14,14,"1",7
"2","1",14,14,"1",6
"2","1",14,14,"1",5
"3","2",16,16,"1",10
"3","2",16,16,"1",11
"3","2",16,16,"1",11
"3","2",16,16,"1",10
"3","2",16,16,"1",10
"3","2",16,16,"1",14
"3","2",16,16,"1",12
"3","2",16,16,"1",13
"3","2",16,16,"1",9
"3","2",16,16,"1",10
"4","2",16,16,"1",13
"4","2",16,16,"1",12
"4","2",16,16,"1",7
"4","2",16,16,"1",7
"4","2",16,16,"1",8
"4","2",16,16,"1",14
"4","2",16,16,"1",10
"4","2",16,16,"1",9
"4","2",16,16,"1",7
"4","2",16,16,"1",8
"3","2",16,16,"3",5
"3","2",16,16,"3",12
"3","2",16,16,"3",11
"3","2",16,16,"3",6
"3","2",16,16,"3",5
"3","2",16,16,"3",8
"3","2",16,16,"3",11
"3","2",16,16,"3",11
"3","2",16,16,"3",9
"3","2",16,16,"3",12
"4","2",16,16,"3",6
"4","2",16,16,"3",7
"4","2",16,16,"3",14
"4","2",16,16,"3",8
"4","2",16,16,"3",8
"4","2",16,16,"3",8
"4","2",16,16,"3",7
"4","2",16,16,"3",7
"4","2",16,16,"3",18
"4","2",16,16,"3",10
"3","2",16,16,"2",6
"3","2",16,16,"2",6
"3","2",16,16,"2",8
"3","2",16,16,"2",14
"3","2",16,16,"2",9
"3","2",16,16,"2",9
"3","2",16,16,"2",11
"3","2",16,16,"2",10
"3","2",16,16,"2",10
"3","2",16,16,"2",9
"4","2",16,16,"4",7
"4","2",16,16,"4",10
"4","2",16,16,"4",11
"4","2",16,16,"4",5
"4","2",16,16,"4",10
"4","2",16,16,"4",8
"4","2",16,16,"4",5
"4","2",16,16,"4",7
"4","2",16,16,"4",13
"4","2",16,16,"4",6
"3","2",16,16,"4",9
"3","2",16,16,"4",11
"3","2",16,16,"4",10
"3","2",16,16,"4",9
"3","2",16,16,"4",8
"3","2",16,16,"4",8
"3","2",16,16,"4",9
"3","2",16,16,"4",12
"3","2",16,16,"4",7
"3","2",16,16,"4",10
"4","2",16,16,"2",4
"4","2",16,16,"2",8
"4","2",16,16,"2",13
"4","2",16,16,"2",10
"4","2",16,16,"2",12
"4","2",16,16,"2",12
"4","2",16,16,"2",11
"4","2",16,16,"2",12
"4","2",16,16,"2",10
"4","2",16,16,"2",9
"2","2",16,16,"4",6
"2","2",16,16,"4",13
"2","2",16,16,"4",6
"2","2",16,16,"4",12
"2","2",16,16,"4",8
"2","2",16,16,"4",8
"2","2",16,16,"4",16
"2","2",16,16,"4",10
"2","2",16,16,"4",10
"2","2",16,16,"4",10
"1","2",16,16,"4",10
"1","2",16,16,"4",12
"1","2",16,16,"4",5
"1","2",16,16,"4",7
"1","2",16,16,"4",8
"1","2",16,16,"4",7
"1","2",16,16,"4",8
"1","2",16,16,"4",7
"1","2",16,16,"4",8
"1","2",16,16,"4",10
"2","2",16,16,"3",8
"2","2",16,16,"3",11
"2","2",16,16,"3",6
"2","2",16,16,"3",10
"2","2",16,16,"3",7
"2","2",16,16,"3",10
"2","2",16,16,"3",8
"2","2",16,16,"3",7
"2","2",16,16,"3",6
"2","2",16,16,"3",9
"1","2",16,16,"3",8
"1","2",16,16,"3",7
"1","2",16,16,"3",10
"1","2",16,16,"3",10
"1","2",16,16,"3",8
"1","2",16,16,"3",11
"1","2",16,16,"3",10
"1","2",16,16,"3",7
"1","2",16,16,"3",6
"1","2",16,16,"3",9
"1","2",16,16,"2",8
"1","2",16,16,"2",7
"1","2",16,16,"2",7
"1","2",16,16,"2",8
"1","2",16,16,"2",7
"1","2",16,16,"2",11
"1","2",16,16,"2",9
"1","2",16,16,"2",8
"1","2",16,16,"2",9
"1","2",16,16,"2",8
"2","2",16,16,"2",10
"2","2",16,16,"2",8
"2","2",16,16,"2",7
"2","2",16,16,"2",10
"2","2",16,16,"2",9
"2","2",16,16,"2",9
"2","2",16,16,"2",10
"2","2",16,16,"2",10
"2","2",16,16,"2",7
"2","2",16,16,"2",8
"1","2",16,16,"1",10
"1","2",16,16,"1",10
"1","2",16,16,"1",8
"1","2",16,16,"1",8
"1","2",16,16,"1",10
"1","2",16,16,"1",16
"1","2",16,16,"1",10
"1","2",16,16,"1",9
"1","2",16,16,"1",8
"1","2",16,16,"1",4
"2","2",16,16,"1",7
"2","2",16,16,"1",8
"2","2",16,16,"1",8
"2","2",16,16,"1",6
"2","2",16,16,"1",8
"2","2",16,16,"1",7
"2","2",16,16,"1",10
"2","2",16,16,"1",11
"2","2",16,16,"1",8
"2","2",16,16,"1",11
"4","2",16,16,"1",9
"4","2",16,16,"1",7
"4","2",16,16,"1",6
"4","2",16,16,"1",11
"4","2",16,16,"1",8
"4","2",16,16,"1",9
"4","2",16,16,"1",13
"4","2",16,16,"1",11
"4","2",16,16,"1",14
"4","2",16,16,"1",9
"3","2",16,16,"1",13
"3","2",16,16,"1",6
"3","2",16,16,"1",8
"3","2",16,16,"1",11
"3","2",16,16,"1",8
"3","2",16,16,"1",11
"3","2",16,16,"1",13
"3","2",16,16,"1",6
"3","2",16,16,"1",7
"3","2",16,16,"1",11
"3","2",16,16,"2",11
"3","2",16,16,"2",12
"3","2",16,16,"2",9
"3","2",16,16,"2",10
"3","2",16,16,"2",13
"3","2",16,16,"2",10
"3","2",16,16,"2",10
"3","2",16,16,"2",10
"3","2",16,16,"2",7
"3","2",16,16,"2",9
"4","2",16,16,"4",8
"4","2",16,16,"4",6
"4","2",16,16,"4",9
"4","2",16,16,"4",7
"4","2",16,16,"4",10
"4","2",16,16,"4",11
"4","2",16,16,"4",15
"4","2",16,16,"4",10
"4","2",16,16,"4",12
"4","2",16,16,"4",9
"4","2",16,16,"2",7
"4","2",16,16,"2",8
"4","2",16,16,"2",7
"4","2",16,16,"2",9
"4","2",16,16,"2",10
"4","2",16,16,"2",9
"4","2",16,16,"2",11
"4","2",16,16,"2",9
"4","2",16,16,"2",10
"4","2",16,16,"2",8
"4","2",16,16,"3",13
"4","2",16,16,"3",8
"4","2",16,16,"3",7
"4","2",16,16,"3",12
"4","2",16,16,"3",9
"4","2",16,16,"3",13
"4","2",16,16,"3",7
"4","2",16,16,"3",8
"4","2",16,16,"3",7
"4","2",16,16,"3",7
"3","2",16,16,"4",8
"3","2",16,16,"4",11
"3","2",16,16,"4",12
"3","2",16,16,"4",12
"3","2",16,16,"4",8
"3","2",16,16,"4",10
"3","2",16,16,"4",11
"3","2",16,16,"4",10
"3","2",16,16,"4",12
"3","2",16,16,"4",16
"3","2",16,16,"3",6
"3","2",16,16,"3",5
"3","2",16,16,"3",6
"3","2",16,16,"3",12
"3","2",16,16,"3",8
"3","2",16,16,"3",11
"3","2",16,16,"3",7
"3","2",16,16,"3",9
"3","2",16,16,"3",13
"3","2",16,16,"3",9
"2","2",16,16,"1",6
"2","2",16,16,"1",11
"2","2",16,16,"1",10
"2","2",16,16,"1",10
"2","2",16,16,"1",9
"2","2",16,16,"1",12
"2","2",16,16,"1",9
"2","2",16,16,"1",13
"2","2",16,16,"1",13
"2","2",16,16,"1",7
"1","2",16,16,"1",8
"1","2",16,16,"1",9
"1","2",16,16,"1",12
"1","2",16,16,"1",9
"1","2",16,16,"1",12
"1","2",16,16,"1",8
"1","2",16,16,"1",6
"1","2",16,16,"1",9
"1","2",16,16,"1",12
"1","2",16,16,"1",9
"2","2",16,16,"2",4
"2","2",16,16,"2",11
"2","2",16,16,"2",6
"2","2",16,16,"2",8
"2","2",16,16,"2",9
"2","2",16,16,"2",8
"2","2",16,16,"2",8
"2","2",16,16,"2",8
"2","2",16,16,"2",9
"2","2",16,16,"2",11
"2","2",16,16,"4",12
"2","2",16,16,"4",7
"2","2",16,16,"4",9
"2","2",16,16,"4",7
"2","2",16,16,"4",10
"2","2",16,16,"4",13
"2","2",16,16,"4",9
"2","2",16,16,"4",9
"2","2",16,16,"4",8
"2","2",16,16,"4",11
"1","2",16,16,"3",5
"1","2",16,16,"3",7
"1","2",16,16,"3",10
"1","2",16,16,"3",9
"1","2",16,16,"3",11
"1","2",16,16,"3",10
"1","2",16,16,"3",8
"1","2",16,16,"3",9
"1","2",16,16,"3",12
"1","2",16,16,"3",16
"1","2",16,16,"2",12
"1","2",16,16,"2",11
"1","2",16,16,"2",8
"1","2",16,16,"2",15
"1","2",16,16,"2",11
"1","2",16,16,"2",9
"1","2",16,16,"2",9
"1","2",16,16,"2",8
"1","2",16,16,"2",9
"1","2",16,16,"2",10
"1","2",16,16,"4",12
"1","2",16,16,"4",11
"1","2",16,16,"4",15
"1","2",16,16,"4",8
"1","2",16,16,"4",11
"1","2",16,16,"4",8
"1","2",16,16,"4",14
"1","2",16,16,"4",14
"1","2",16,16,"4",8
"1","2",16,16,"4",9
"2","2",16,16,"3",8
"2","2",16,16,"3",8
"2","2",16,16,"3",8
"2","2",16,16,"3",6
"2","2",16,16,"3",7
"2","2",16,16,"3",12
"2","2",16,16,"3",8
"2","2",16,16,"3",7
"2","2",16,16,"3",10
"2","2",16,16,"3",7
"2","6",14,26,"4",8
"2","6",14,26,"4",6
"2","6",14,26,"4",6
"2","6",14,26,"4",7
"2","6",14,26,"4",10
"2","6",14,26,"4",6
"2","6",14,26,"4",6
"2","6",14,26,"4",7
"2","6",14,26,"4",5
"2","6",14,26,"4",6
"1","6",14,26,"3",6
"1","6",14,26,"3",8
"1","6",14,26,"3",6
"1","6",14,26,"3",10
"1","6",14,26,"3",15
"1","6",14,26,"3",7
"1","6",14,26,"3",7
"1","6",14,26,"3",7
"1","6",14,26,"3",7
"1","6",14,26,"3",7
"1","6",14,26,"2",7
"1","6",14,26,"2",8
"1","6",14,26,"2",8
"1","6",14,26,"2",6
"1","6",14,26,"2",6
"1","6",14,26,"2",10
"1","6",14,26,"2",5
"1","6",14,26,"2",5
"1","6",14,26,"2",6
"1","6",14,26,"2",7
"1","6",14,26,"4",6
"1","6",14,26,"4",8
"1","6",14,26,"4",8
"1","6",14,26,"4",6
"1","6",14,26,"4",8
"1","6",14,26,"4",7
"1","6",14,26,"4",4
"1","6",14,26,"4",5
"1","6",14,26,"4",6
"1","6",14,26,"4",10
"2","6",14,26,"3",8
"2","6",14,26,"3",5
"2","6",14,26,"3",10
"2","6",14,26,"3",5
"2","6",14,26,"3",8
"2","6",14,26,"3",5
"2","6",14,26,"3",9
"2","6",14,26,"3",5
"2","6",14,26,"3",6
"2","6",14,26,"3",7
"2","6",14,26,"2",5
"2","6",14,26,"2",11
"2","6",14,26,"2",5
"2","6",14,26,"2",8
"2","6",14,26,"2",10
"2","6",14,26,"2",9
"2","6",14,26,"2",7
"2","6",14,26,"2",8
"2","6",14,26,"2",8
"2","6",14,26,"2",6
"1","6",14,26,"1",7
"1","6",14,26,"1",7
"1","6",14,26,"1",7
"1","6",14,26,"1",9
"1","6",14,26,"1",7
"1","6",14,26,"1",8
"1","6",14,26,"1",8
"1","6",14,26,"1",5
"1","6",14,26,"1",7
"1","6",14,26,"1",8
"2","6",14,26,"1",11
"2","6",14,26,"1",9
"2","6",14,26,"1",7
"2","6",14,26,"1",9
"2","6",14,26,"1",6
"2","6",14,26,"1",7
"2","6",14,26,"1",10
"2","6",14,26,"1",10
"2","6",14,26,"1",7
"2","6",14,26,"1",5
"4","6",14,26,"1",5
"4","6",14,26,"1",5
"4","6",14,26,"1",9
"4","6",14,26,"1",9
"4","6",14,26,"1",8
"4","6",14,26,"1",8
"4","6",14,26,"1",8
"4","6",14,26,"1",6
"4","6",14,26,"1",7
"4","6",14,26,"1",10
"3","6",14,26,"1",9
"3","6",14,26,"1",9
"3","6",14,26,"1",8
"3","6",14,26,"1",8
"3","6",14,26,"1",8
"3","6",14,26,"1",8
"3","6",14,26,"1",9
"3","6",14,26,"1",7
"3","6",14,26,"1",4
"3","6",14,26,"1",12
"4","6",14,26,"3",5
"4","6",14,26,"3",5
"4","6",14,26,"3",8
"4","6",14,26,"3",7
"4","6",14,26,"3",5
"4","6",14,26,"3",8
"4","6",14,26,"3",7
"4","6",14,26,"3",7
"4","6",14,26,"3",4
"4","6",14,26,"3",7
"3","6",14,26,"4",9
"3","6",14,26,"4",7
"3","6",14,26,"4",8
"3","6",14,26,"4",6
"3","6",14,26,"4",9
"3","6",14,26,"4",12
"3","6",14,26,"4",10
"3","6",14,26,"4",6
"3","6",14,26,"4",10
"3","6",14,26,"4",7
"3","6",14,26,"3",5
"3","6",14,26,"3",10
"3","6",14,26,"3",9
"3","6",14,26,"3",7
"3","6",14,26,"3",8
"3","6",14,26,"3",7
"3","6",14,26,"3",8
"3","6",14,26,"3",11
"3","6",14,26,"3",8
"3","6",14,26,"3",6
"4","6",14,26,"2",8
"4","6",14,26,"2",7
"4","6",14,26,"2",9
"4","6",14,26,"2",6
"4","6",14,26,"2",8
"4","6",14,26,"2",6
"4","6",14,26,"2",6
"4","6",14,26,"2",8
"4","6",14,26,"2",8
"4","6",14,26,"2",8
"4","6",14,26,"4",5
"4","6",14,26,"4",10
"4","6",14,26,"4",9
"4","6",14,26,"4",6
"4","6",14,26,"4",9
"4","6",14,26,"4",6
"4","6",14,26,"4",8
"4","6",14,26,"4",6
"4","6",14,26,"4",4
"4","6",14,26,"4",9
"3","6",14,26,"2",5
"3","6",14,26,"2",12
"3","6",14,26,"2",9
"3","6",14,26,"2",8
"3","6",14,26,"2",5
"3","6",14,26,"2",9
"3","6",14,26,"2",14
"3","6",14,26,"2",5
"3","6",14,26,"2",5
"3","6",14,26,"2",14
"2","6",14,26,"1",9
"2","6",14,26,"1",8
"2","6",14,26,"1",9
"2","6",14,26,"1",8
"2","6",14,26,"1",10
"2","6",14,26,"1",7
"2","6",14,26,"1",8
"2","6",14,26,"1",6
"2","6",14,26,"1",4
"2","6",14,26,"1",5
"1","6",14,26,"1",6
"1","6",14,26,"1",7
"1","6",14,26,"1",9
"1","6",14,26,"1",8
"1","6",14,26,"1",9
"1","6",14,26,"1",7
"1","6",14,26,"1",11
"1","6",14,26,"1",8
"1","6",14,26,"1",8
"1","6",14,26,"1",7
"3","6",14,26,"3",11
"3","6",14,26,"3",8
"3","6",14,26,"3",8
"3","6",14,26,"3",7
"3","6",14,26,"3",10
"3","6",14,26,"3",9
"3","6",14,26,"3",7
"3","6",14,26,"3",7
"3","6",14,26,"3",12
"3","6",14,26,"3",7
"3","6",14,26,"2",6
"3","6",14,26,"2",11
"3","6",14,26,"2",6
"3","6",14,26,"2",7
"3","6",14,26,"2",10
"3","6",14,26,"2",9
"3","6",14,26,"2",8
"3","6",14,26,"2",7
"3","6",14,26,"2",6
"3","6",14,26,"2",8
"4","6",14,26,"3",4
"4","6",14,26,"3",9
"4","6",14,26,"3",9
"4","6",14,26,"3",6
"4","6",14,26,"3",11
"4","6",14,26,"3",8
"4","6",14,26,"3",10
"4","6",14,26,"3",8
"4","6",14,26,"3",5
"4","6",14,26,"3",9
"4","6",14,26,"2",6
"4","6",14,26,"2",5
"4","6",14,26,"2",10
"4","6",14,26,"2",5
"4","6",14,26,"2",7
"4","6",14,26,"2",6
"4","6",14,26,"2",9
"4","6",14,26,"2",7
"4","6",14,26,"2",9
"4","6",14,26,"2",7
"3","6",14,26,"4",5
"3","6",14,26,"4",9
"3","6",14,26,"4",11
"3","6",14,26,"4",10
"3","6",14,26,"4",5
"3","6",14,26,"4",8
"3","6",14,26,"4",8
"3","6",14,26,"4",5
"3","6",14,26,"4",8
"3","6",14,26,"4",6
"4","6",14,26,"4",5
"4","6",14,26,"4",7
"4","6",14,26,"4",11
"4","6",14,26,"4",9
"4","6",14,26,"4",6
"4","6",14,26,"4",9
"4","6",14,26,"4",5
"4","6",14,26,"4",7
"4","6",14,26,"4",6
"4","6",14,26,"4",10
"3","6",14,26,"1",9
"3","6",14,26,"1",10
"3","6",14,26,"1",9
"3","6",14,26,"1",9
"3","6",14,26,"1",8
"3","6",14,26,"1",6
"3","6",14,26,"1",5
"3","6",14,26,"1",10
"3","6",14,26,"1",9
"3","6",14,26,"1",10
"4","6",14,26,"1",10
"4","6",14,26,"1",5
"4","6",14,26,"1",5
"4","6",14,26,"1",7
"4","6",14,26,"1",8
"4","6",14,26,"1",6
"4","6",14,26,"1",7
"4","6",14,26,"1",7
"4","6",14,26,"1",7
"4","6",14,26,"1",11
"2","6",14,26,"2",8
"2","6",14,26,"2",6
"2","6",14,26,"2",8
"2","6",14,26,"2",5
"2","6",14,26,"2",6
"2","6",14,26,"2",6
"2","6",14,26,"2",8
"2","6",14,26,"2",7
"2","6",14,26,"2",8
"2","6",14,26,"2",7
"1","6",14,26,"4",6
"1","6",14,26,"4",8
"1","6",14,26,"4",12
"1","6",14,26,"4",6
"1","6",14,26,"4",7
"1","6",14,26,"4",5
"1","6",14,26,"4",6
"1","6",14,26,"4",10
"1","6",14,26,"4",7
"1","6",14,26,"4",6
"2","6",14,26,"3",5
"2","6",14,26,"3",7
"2","6",14,26,"3",7
"2","6",14,26,"3",8
"2","6",14,26,"3",7
"2","6",14,26,"3",8
"2","6",14,26,"3",7
"2","6",14,26,"3",7
"2","6",14,26,"3",8
"2","6",14,26,"3",9
"2","6",14,26,"4",8
"2","6",14,26,"4",8
"2","6",14,26,"4",9
"2","6",14,26,"4",9
"2","6",14,26,"4",7
"2","6",14,26,"4",10
"2","6",14,26,"4",10
"2","6",14,26,"4",7
"2","6",14,26,"4",5
"2","6",14,26,"4",11
"1","6",14,26,"3",7
"1","6",14,26,"3",7
"1","6",14,26,"3",7
"1","6",14,26,"3",7
"1","6",14,26,"3",9
"1","6",14,26,"3",8
"1","6",14,26,"3",7
"1","6",14,26,"3",6
"1","6",14,26,"3",8
"1","6",14,26,"3",8
"1","6",14,26,"2",8
"1","6",14,26,"2",8
"1","6",14,26,"2",7
"1","6",14,26,"2",9
"1","6",14,26,"2",9
"1","6",14,26,"2",12
"1","6",14,26,"2",11
"1","6",14,26,"2",11
"1","6",14,26,"2",7
"1","6",14,26,"2",8
"1","3",18,18,"3",8
"1","3",18,18,"3",6
"1","3",18,18,"3",5
"1","3",18,18,"3",6
"1","3",18,18,"3",7
"1","3",18,18,"3",11
"1","3",18,18,"3",10
"1","3",18,18,"3",9
"1","3",18,18,"3",8
"1","3",18,18,"3",7
"1","3",18,18,"2",8
"1","3",18,18,"2",11
"1","3",18,18,"2",5
"1","3",18,18,"2",7
"1","3",18,18,"2",10
"1","3",18,18,"2",6
"1","3",18,18,"2",6
"1","3",18,18,"2",10
"1","3",18,18,"2",6
"1","3",18,18,"2",12
"2","3",18,18,"4",11
"2","3",18,18,"4",8
"2","3",18,18,"4",9
"2","3",18,18,"4",7
"2","3",18,18,"4",11
"2","3",18,18,"4",7
"2","3",18,18,"4",8
"2","3",18,18,"4",7
"2","3",18,18,"4",6
"2","3",18,18,"4",8
"1","3",18,18,"4",11
"1","3",18,18,"4",7
"1","3",18,18,"4",8
"1","3",18,18,"4",9
"1","3",18,18,"4",8
"1","3",18,18,"4",10
"1","3",18,18,"4",11
"1","3",18,18,"4",9
"1","3",18,18,"4",11
"1","3",18,18,"4",6
"2","3",18,18,"3",6
"2","3",18,18,"3",5
"2","3",18,18,"3",9
"2","3",18,18,"3",6
"2","3",18,18,"3",7
"2","3",18,18,"3",7
"2","3",18,18,"3",6
"2","3",18,18,"3",8
"2","3",18,18,"3",9
"2","3",18,18,"3",8
"2","3",18,18,"2",10
"2","3",18,18,"2",9
"2","3",18,18,"2",6
"2","3",18,18,"2",6
"2","3",18,18,"2",8
"2","3",18,18,"2",6
"2","3",18,18,"2",8
"2","3",18,18,"2",7
"2","3",18,18,"2",7
"2","3",18,18,"2",6
"3","3",18,18,"3",6
"3","3",18,18,"3",6
"3","3",18,18,"3",8
"3","3",18,18,"3",5
"3","3",18,18,"3",8
"3","3",18,18,"3",14
"3","3",18,18,"3",11
"3","3",18,18,"3",13
"3","3",18,18,"3",8
"3","3",18,18,"3",4
"4","3",18,18,"2",8
"4","3",18,18,"2",12
"4","3",18,18,"2",6
"4","3",18,18,"2",10
"4","3",18,18,"2",16
"4","3",18,18,"2",8
"4","3",18,18,"2",8
"4","3",18,18,"2",8
"4","3",18,18,"2",5
"4","3",18,18,"2",9
"4","3",18,18,"4",7
"4","3",18,18,"4",6
"4","3",18,18,"4",7
"4","3",18,18,"4",10
"4","3",18,18,"4",6
"4","3",18,18,"4",9
"4","3",18,18,"4",5
"4","3",18,18,"4",5
"4","3",18,18,"4",10
"4","3",18,18,"4",11
"3","3",18,18,"4",7
"3","3",18,18,"4",5
"3","3",18,18,"4",9
"3","3",18,18,"4",7
"3","3",18,18,"4",8
"3","3",18,18,"4",7
"3","3",18,18,"4",8
"3","3",18,18,"4",10
"3","3",18,18,"4",6
"3","3",18,18,"4",10
"3","3",18,18,"2",7
"3","3",18,18,"2",6
"3","3",18,18,"2",6
"3","3",18,18,"2",12
"3","3",18,18,"2",9
"3","3",18,18,"2",5
"3","3",18,18,"2",9
"3","3",18,18,"2",5
"3","3",18,18,"2",8
"3","3",18,18,"2",11
"4","3",18,18,"3",13
"4","3",18,18,"3",8
"4","3",18,18,"3",6
"4","3",18,18,"3",10
"4","3",18,18,"3",11
"4","3",18,18,"3",7
"4","3",18,18,"3",8
"4","3",18,18,"3",10
"4","3",18,18,"3",8
"4","3",18,18,"3",8
"1","3",18,18,"1",8
"1","3",18,18,"1",9
"1","3",18,18,"1",7
"1","3",18,18,"1",8
"1","3",18,18,"1",7
"1","3",18,18,"1",8
"1","3",18,18,"1",7
"1","3",18,18,"1",7
"1","3",18,18,"1",7
"1","3",18,18,"1",12
"2","3",18,18,"1",7
"2","3",18,18,"1",9
"2","3",18,18,"1",7
"2","3",18,18,"1",8
"2","3",18,18,"1",7
"2","3",18,18,"1",6
"2","3",18,18,"1",7
"2","3",18,18,"1",8
"2","3",18,18,"1",9
"2","3",18,18,"1",6
"4","3",18,18,"1",5
"4","3",18,18,"1",6
"4","3",18,18,"1",10
"4","3",18,18,"1",9
"4","3",18,18,"1",7
"4","3",18,18,"1",10
"4","3",18,18,"1",7
"4","3",18,18,"1",9
"4","3",18,18,"1",7
"4","3",18,18,"1",14
"3","3",18,18,"1",13
"3","3",18,18,"1",7
"3","3",18,18,"1",11
"3","3",18,18,"1",10
"3","3",18,18,"1",9
"3","3",18,18,"1",5
"3","3",18,18,"1",7
"3","3",18,18,"1",8
"3","3",18,18,"1",12
"3","3",18,18,"1",5
"2","3",18,18,"1",10
"2","3",18,18,"1",8
"2","3",18,18,"1",6
"2","3",18,18,"1",9
"2","3",18,18,"1",11
"2","3",18,18,"1",9
"2","3",18,18,"1",7
"2","3",18,18,"1",8
"2","3",18,18,"1",7
"2","3",18,18,"1",8
"1","3",18,18,"1",13
"1","3",18,18,"1",13
"1","3",18,18,"1",7
"1","3",18,18,"1",6
"1","3",18,18,"1",8
"1","3",18,18,"1",8
"1","3",18,18,"1",7
"1","3",18,18,"1",8
"1","3",18,18,"1",6
"1","3",18,18,"1",5
"1","3",18,18,"4",6
"1","3",18,18,"4",7
"1","3",18,18,"4",12
"1","3",18,18,"4",9
"1","3",18,18,"4",6
"1","3",18,18,"4",9
"1","3",18,18,"4",7
"1","3",18,18,"4",12
"1","3",18,18,"4",5
"1","3",18,18,"4",9
"2","3",18,18,"4",6
"2","3",18,18,"4",7
"2","3",18,18,"4",5
"2","3",18,18,"4",8
"2","3",18,18,"4",6
"2","3",18,18,"4",10
"2","3",18,18,"4",8
"2","3",18,18,"4",8
"2","3",18,18,"4",7
"2","3",18,18,"4",8
"2","3",18,18,"2",6
"2","3",18,18,"2",9
"2","3",18,18,"2",10
"2","3",18,18,"2",8
"2","3",18,18,"2",8
"2","3",18,18,"2",7
"2","3",18,18,"2",6
"2","3",18,18,"2",9
"2","3",18,18,"2",6
"2","3",18,18,"2",6
"1","3",18,18,"3",7
"1","3",18,18,"3",10
"1","3",18,18,"3",15
"1","3",18,18,"3",15
"1","3",18,18,"3",12
"1","3",18,18,"3",10
"1","3",18,18,"3",9
"1","3",18,18,"3",8
"1","3",18,18,"3",7
"1","3",18,18,"3",10
"1","3",18,18,"2",6
"1","3",18,18,"2",7
"1","3",18,18,"2",7
"1","3",18,18,"2",8
"1","3",18,18,"2",14
"1","3",18,18,"2",9
"1","3",18,18,"2",11
"1","3",18,18,"2",8
"1","3",18,18,"2",14
"1","3",18,18,"2",6
"2","3",18,18,"3",11
"2","3",18,18,"3",7
"2","3",18,18,"3",7
"2","3",18,18,"3",5
"2","3",18,18,"3",6
"2","3",18,18,"3",13
"2","3",18,18,"3",8
"2","3",18,18,"3",8
"2","3",18,18,"3",6
"2","3",18,18,"3",10
"4","3",18,18,"3",8
"4","3",18,18,"3",7
"4","3",18,18,"3",6
"4","3",18,18,"3",7
"4","3",18,18,"3",10
"4","3",18,18,"3",14
"4","3",18,18,"3",12
"4","3",18,18,"3",10
"4","3",18,18,"3",6
"4","3",18,18,"3",9
"3","3",18,18,"4",9
"3","3",18,18,"4",5
"3","3",18,18,"4",8
"3","3",18,18,"4",10
"3","3",18,18,"4",6
"3","3",18,18,"4",8
"3","3",18,18,"4",10
"3","3",18,18,"4",10
"3","3",18,18,"4",6
"3","3",18,18,"4",7
"4","3",18,18,"2",8
"4","3",18,18,"2",6
"4","3",18,18,"2",12
"4","3",18,18,"2",8
"4","3",18,18,"2",7
"4","3",18,18,"2",5
"4","3",18,18,"2",9
"4","3",18,18,"2",10
"4","3",18,18,"2",10
"4","3",18,18,"2",14
"3","3",18,18,"2",8
"3","3",18,18,"2",13
"3","3",18,18,"2",6
"3","3",18,18,"2",5
"3","3",18,18,"2",8
"3","3",18,18,"2",7
"3","3",18,18,"2",7
"3","3",18,18,"2",11
"3","3",18,18,"2",7
"3","3",18,18,"2",8
"3","3",18,18,"3",6
"3","3",18,18,"3",6
"3","3",18,18,"3",6
"3","3",18,18,"3",11
"3","3",18,18,"3",7
"3","3",18,18,"3",12
"3","3",18,18,"3",8
"3","3",18,18,"3",8
"3","3",18,18,"3",9
"3","3",18,18,"3",7
"4","3",18,18,"4",13
"4","3",18,18,"4",8
"4","3",18,18,"4",10
"4","3",18,18,"4",7
"4","3",18,18,"4",8
"4","3",18,18,"4",8
"4","3",18,18,"4",11
"4","3",18,18,"4",5
"4","3",18,18,"4",7
"4","3",18,18,"4",9
"3","3",18,18,"1",10
"3","3",18,18,"1",6
"3","3",18,18,"1",11
"3","3",18,18,"1",9
"3","3",18,18,"1",9
"3","3",18,18,"1",8
"3","3",18,18,"1",7
"3","3",18,18,"1",6
"3","3",18,18,"1",7
"3","3",18,18,"1",11
"4","3",18,18,"1",9
"4","3",18,18,"1",10
"4","3",18,18,"1",8
"4","3",18,18,"1",10
"4","3",18,18,"1",10
"4","3",18,18,"1",12
"4","3",18,18,"1",9
"4","3",18,18,"1",8
"4","3",18,18,"1",11
"4","3",18,18,"1",8
